{
    "name": ["Шейванка", "Шейвнка1", "Нормаска", "Нормас", "[Расса[id одежды]]"

    ],
    "img": ["dress.png?8"],
    "100": [

        [
            [0, 0, 54, 66, 0, 0]
        ],
		[
            [158, 5, 27, 31, 0, 0]
        ],
        [
            [0, 66, 47, 56, 0, 0]
        ],
		[
            [155, 84, 24, 39, 0, 0]
        ]
    ],
    "101": [

        [
            [54, 0, 56, 65, 0, 0]
        ],
		[
            [158, 37, 30, 29, 0, 0]
        ],
        [
            [48, 66, 50, 57, 0, 0]
        ],
		[
            [185, 93, 26, 26, 0, 0]
        ]
    ],
    "102": [

        [
            [109, 0, 49, 63, 0, 0]
        ],
		[
            [185, 9, 28, 27, 0, 0]
        ],
        [
            [99, 73, 47, 50, 0, 0]
        ],
		[
            [227, 79, 24, 38, 0, 0]
        ]
    ],
	"200": [

        [
            [0, 123, 27, 18, 0, 0]
        ],
		[
            [187, 143, 21, 14, 0, 0]
        ],
		[
            [88, 126, 31, 33, 0, 0]
        ],
		[
            [0, 123, 27, 18, 0, 0]
        ]
    ],
	"201": [

        [
            [27, 123, 31, 18, 0, 0]
        ],
		 [
            [210, 143, 21, 20, 0, 0]
        ],
		[
            [120, 127, 28, 30, 0, 0]
        ],
		[
            [0, 123, 27, 18, 0, 0]
        ]
    ],
	"202": [

        [
            [58, 123, 27, 18, 0, 0]
        ],
		[
            [233, 144, 21, 14, 0, 0]
        ],
		[
            [149, 127, 30, 27, 0, 0]
        ],
		[
            [0, 123, 27, 18, 0, 0]
        ]
    ]
}