{
    "img": [
        ["images/GOL_app_bag.png?123765"],
        ["images/GOL_app_buttons_fight_a.png"],
        ["images/GOL_app_shield.png"],
        ["images/GOL_app_pocket.png"],
        ["images/GOL_app_namebox.png"]
    ],
    "0": [
        [0, 0, 14, 14],
        [52, 0, 14, 14],
        [0, 52, 14, 14],
        [52, 52, 14, 14],
        [0, 14, 14, 1],
        [51, 0, 1, 14],
        [52, 51, 14, 1],
        [14, 52, 1, 14],
        [14, 14, 1, 1]
    ],
    "1": [
        [
            [
                [0, 156, 98, 78],
                [98, 156, 98, 78],
                [196, 156, 98, 78]
            ],
            [
                [294, 156, 98, 78],
                [392, 156, 98, 78],
                [490, 156, 98, 78]
            ]
        ],
        [
            [
                [0, 0, 98, 78],
                [98, 0, 98, 78],
                [196, 0, 98, 78]
            ],
            [
                [294, 0, 98, 78],
                [392, 0, 98, 78],
                [490, 0, 98, 78]
            ]
        ],
        [
            [
                [0, 78, 98, 78],
                [98, 78, 98, 78],
                [196, 78, 98, 78]
            ],
            [
                [294, 78, 98, 78],
                [392, 78, 98, 78],
                [490, 78, 98, 78]
            ]
        ]
    ],
    "2": [
        [0, 0, 75, 82],
        [75, 0, 75, 82]
    ],
    "3": [0, 0, 75, 82],
    "4": [
        [0, 0, 22, 40],
        [22, 0, 251, 40],
        [273, 0, 22, 40]
    ]
}